{"cameraMode":{"drawMode":0,"name":"Shaded","section":"Shading Mode"},"sceneLighting":false,"audioPlay":false,"sceneViewState":{"m_AlwaysRefresh":false,"showFog":true,"showSkybox":false,"showFlares":true,"showImageEffects":true,"showParticleSystems":true,"showVisualEffectGraphs":true,"m_FxEnabled":true},"in2DMode":false,"pivot":{"x":-1.2265138626098633,"y":0.34066176414489748,"z":11.722946166992188},"rotation":{"x":0.029484177008271219,"y":-0.9686189293861389,"z":0.141508087515831,"w":0.20231959223747254},"size":0.8660283088684082,"orthographic":false}