{"cameraMode":{"drawMode":0,"name":"Shaded","section":"Shading Mode"},"sceneLighting":true,"audioPlay":false,"sceneViewState":{"m_AlwaysRefresh":false,"showFog":true,"showSkybox":true,"showFlares":true,"showImageEffects":true,"showParticleSystems":true,"showVisualEffectGraphs":true,"m_FxEnabled":true},"in2DMode":false,"pivot":{"x":-6.1220808029174809,"y":0.9588915109634399,"z":-7.066827297210693},"rotation":{"x":-0.00027336867060512304,"y":0.9998476505279541,"z":-0.021481867879629136,"w":-0.003133057849481702},"size":1.4660253524780274,"orthographic":false}