{"cameraMode":{"drawMode":0,"name":"Shaded","section":"Shading Mode"},"sceneLighting":false,"audioPlay":false,"sceneViewState":{"m_AlwaysRefresh":false,"showFog":false,"showSkybox":false,"showFlares":false,"showImageEffects":false,"showParticleSystems":false,"showVisualEffectGraphs":true,"m_FxEnabled":true},"in2DMode":false,"pivot":{"x":0.0019632279872894289,"y":1.1782546043395997,"z":-0.21259307861328126},"rotation":{"x":0.02361942268908024,"y":-0.9740701913833618,"z":0.18966831266880036,"w":0.1213306188583374},"size":0.9195873141288757,"orthographic":false}