{"cameraMode":{"drawMode":0,"name":"Shaded","section":"Shading Mode"},"sceneLighting":true,"audioPlay":false,"sceneViewState":{"m_AlwaysRefresh":false,"showFog":true,"showSkybox":true,"showFlares":true,"showImageEffects":true,"showParticleSystems":true,"showVisualEffectGraphs":true,"m_FxEnabled":true},"in2DMode":false,"pivot":{"x":427.5584411621094,"y":-121.02128601074219,"z":-285.4147644042969},"rotation":{"x":0.055434729903936389,"y":0.8760852813720703,"z":-0.10386158525943756,"w":0.46757856011390688},"size":277.9664306640625,"orthographic":false}