{"cameraMode":{"drawMode":0,"name":"Shaded","section":"Shading Mode"},"sceneLighting":true,"audioPlay":false,"sceneViewState":{"m_AlwaysRefresh":false,"showFog":true,"showSkybox":true,"showFlares":true,"showImageEffects":true,"showParticleSystems":true,"showVisualEffectGraphs":true,"m_FxEnabled":true},"in2DMode":false,"pivot":{"x":9.895072937011719,"y":0.06838858127593994,"z":0.4600830674171448},"rotation":{"x":0.08512268960475922,"y":0.3619585633277893,"z":-0.03321203961968422,"w":0.9277047514915466},"size":16.499570846557618,"orthographic":false}